{
  "total_revenue": 1711611.244663,
  "total_gross_profit": 521701.526963,
  "margin_pct": 0.304801413632754,
  "total_orders": 1500,
  "total_customers": 1381,
  "units_sold": 7582,
  "aov": 1141.0741631086667,
  "top_category_by_revenue": "Furniture",
  "top_region_by_profit": "East"
}